Id,Category
image_0001.jpg,98
image_0002.jpg,77
image_0003.jpg,68
image_0004.jpg,94
image_0005.jpg,98
image_0006.jpg,38
image_0007.jpg,10
image_0008.jpg,42
image_0009.jpg,71
image_0010.jpg,60
image_0011.jpg,96
image_0012.jpg,57
image_0013.jpg,47
image_0014.jpg,68
image_0015.jpg,28
image_0016.jpg,42
image_0017.jpg,46
image_0018.jpg,52
image_0019.jpg,24
image_0020.jpg,50
image_0021.jpg,95
image_0022.jpg,11
image_0023.jpg,23
image_0024.jpg,56
image_0025.jpg,69
image_0026.jpg,67
image_0027.jpg,45
image_0028.jpg,99
image_0029.jpg,15
image_0030.jpg,86
image_0031.jpg,27
image_0032.jpg,101
image_0033.jpg,82
image_0034.jpg,24
image_0035.jpg,56
image_0036.jpg,14
image_0037.jpg,37
image_0038.jpg,51
image_0039.jpg,14
image_0040.jpg,21
image_0041.jpg,77
image_0042.jpg,67
image_0043.jpg,43
image_0044.jpg,73
image_0045.jpg,18
image_0046.jpg,21
image_0047.jpg,54
image_0048.jpg,61
image_0049.jpg,1
image_0050.jpg,101
image_0051.jpg,13
image_0052.jpg,73
image_0053.jpg,63
image_0054.jpg,17
image_0055.jpg,10
image_0056.jpg,52
image_0057.jpg,63
image_0058.jpg,89
image_0059.jpg,42
image_0060.jpg,33
image_0061.jpg,89
image_0062.jpg,48
image_0063.jpg,14
image_0064.jpg,46
image_0065.jpg,52
image_0066.jpg,50
image_0067.jpg,36
image_0068.jpg,74
image_0069.jpg,69
image_0070.jpg,93
image_0071.jpg,10
image_0072.jpg,33
image_0073.jpg,43
image_0074.jpg,41
image_0075.jpg,24
image_0076.jpg,11
image_0077.jpg,6
image_0078.jpg,48
image_0079.jpg,57
image_0080.jpg,26
image_0081.jpg,45
image_0082.jpg,102
image_0083.jpg,58
image_0084.jpg,38
image_0085.jpg,23
image_0086.jpg,37
image_0087.jpg,14
image_0088.jpg,76
image_0089.jpg,40
image_0090.jpg,9
image_0091.jpg,33
image_0092.jpg,55
image_0093.jpg,17
image_0094.jpg,92
image_0095.jpg,85
image_0096.jpg,23
image_0097.jpg,82
image_0098.jpg,33
image_0099.jpg,10
image_0100.jpg,79
image_0101.jpg,82
image_0102.jpg,15
image_0103.jpg,6
image_0104.jpg,20
image_0105.jpg,92
image_0106.jpg,9
image_0107.jpg,84
image_0108.jpg,21
image_0109.jpg,21
image_0110.jpg,10
image_0111.jpg,37
image_0112.jpg,73
image_0113.jpg,19
image_0114.jpg,36
image_0115.jpg,55
image_0116.jpg,37
image_0117.jpg,91
image_0118.jpg,27
image_0119.jpg,27
image_0120.jpg,86
image_0121.jpg,4
image_0122.jpg,55
image_0123.jpg,77
image_0124.jpg,72
image_0125.jpg,67
image_0126.jpg,42
image_0127.jpg,61
image_0128.jpg,28
image_0129.jpg,48
image_0130.jpg,82
image_0131.jpg,52
image_0132.jpg,49
image_0133.jpg,64
image_0134.jpg,55
image_0135.jpg,52
image_0136.jpg,64
image_0137.jpg,62
image_0138.jpg,51
image_0139.jpg,29
image_0140.jpg,73
image_0141.jpg,7
image_0142.jpg,63
image_0143.jpg,41
image_0144.jpg,15
image_0145.jpg,39
image_0146.jpg,3
image_0147.jpg,21
image_0148.jpg,98
image_0149.jpg,48
image_0150.jpg,73
image_0151.jpg,55
image_0152.jpg,73
image_0153.jpg,11
image_0154.jpg,91
image_0155.jpg,94
image_0156.jpg,2
image_0157.jpg,17
image_0158.jpg,38
image_0159.jpg,38
image_0160.jpg,10
image_0161.jpg,85
image_0162.jpg,92
image_0163.jpg,89
image_0164.jpg,28
image_0165.jpg,36
image_0166.jpg,24
image_0167.jpg,31
image_0168.jpg,16
image_0169.jpg,83
image_0170.jpg,60
image_0171.jpg,84
image_0172.jpg,21
image_0173.jpg,2
image_0174.jpg,35
image_0175.jpg,82
image_0176.jpg,77
image_0177.jpg,101
image_0178.jpg,26
image_0179.jpg,6
image_0180.jpg,88
image_0181.jpg,39
image_0182.jpg,48
image_0183.jpg,5
image_0184.jpg,63
image_0185.jpg,1
image_0186.jpg,33
image_0187.jpg,94
image_0188.jpg,3
image_0189.jpg,85
image_0190.jpg,25
image_0191.jpg,42
image_0192.jpg,82
image_0193.jpg,94
image_0194.jpg,45
image_0195.jpg,67
image_0196.jpg,24
image_0197.jpg,83
image_0198.jpg,31
image_0199.jpg,21
image_0200.jpg,17
image_0201.jpg,17
image_0202.jpg,33
image_0203.jpg,11
image_0204.jpg,11
image_0205.jpg,35
image_0206.jpg,96
image_0207.jpg,65
image_0208.jpg,51
image_0209.jpg,82
image_0210.jpg,6
image_0211.jpg,43
image_0212.jpg,72
image_0213.jpg,29
image_0214.jpg,27
image_0215.jpg,7
image_0216.jpg,62
image_0217.jpg,76
image_0218.jpg,54
image_0219.jpg,67
image_0220.jpg,64
image_0221.jpg,79
image_0222.jpg,93
image_0223.jpg,70
image_0224.jpg,64
image_0225.jpg,22
image_0226.jpg,61
image_0227.jpg,35
image_0228.jpg,61
image_0229.jpg,94
image_0230.jpg,3
image_0231.jpg,8
image_0232.jpg,28
image_0233.jpg,94
image_0234.jpg,34
image_0235.jpg,8
image_0236.jpg,101
image_0237.jpg,68
image_0238.jpg,71
image_0239.jpg,84
image_0240.jpg,61
image_0241.jpg,21
image_0242.jpg,89
image_0243.jpg,20
image_0244.jpg,76
image_0245.jpg,76
image_0246.jpg,33
image_0247.jpg,52
image_0248.jpg,8
image_0249.jpg,36
image_0250.jpg,48
image_0251.jpg,97
image_0252.jpg,24
image_0253.jpg,2
image_0254.jpg,98
image_0255.jpg,10
image_0256.jpg,48
image_0257.jpg,54
image_0258.jpg,102
image_0259.jpg,16
image_0260.jpg,100
image_0261.jpg,69
image_0262.jpg,16
image_0263.jpg,24
image_0264.jpg,12
image_0265.jpg,45
image_0266.jpg,77
image_0267.jpg,16
image_0268.jpg,95
image_0269.jpg,42
image_0270.jpg,24
image_0271.jpg,61
image_0272.jpg,78
image_0273.jpg,55
image_0274.jpg,25
image_0275.jpg,70
image_0276.jpg,48
image_0277.jpg,101
image_0278.jpg,32
image_0279.jpg,9
image_0280.jpg,72
image_0281.jpg,22
image_0282.jpg,61
image_0283.jpg,87
image_0284.jpg,85
image_0285.jpg,41
image_0286.jpg,62
image_0287.jpg,82
image_0288.jpg,30
image_0289.jpg,17
image_0290.jpg,34
image_0291.jpg,20
image_0292.jpg,15
image_0293.jpg,99
image_0294.jpg,62
image_0295.jpg,98
image_0296.jpg,84
image_0297.jpg,36
image_0298.jpg,28
image_0299.jpg,88
image_0300.jpg,86
image_0301.jpg,25
image_0302.jpg,93
image_0303.jpg,52
image_0304.jpg,29
image_0305.jpg,21
image_0306.jpg,25
image_0307.jpg,27
image_0308.jpg,2
image_0309.jpg,90
image_0310.jpg,55
image_0311.jpg,82
image_0312.jpg,39
image_0313.jpg,98
image_0314.jpg,29
image_0315.jpg,60
image_0316.jpg,21
image_0317.jpg,72
image_0318.jpg,46
image_0319.jpg,42
image_0320.jpg,26
image_0321.jpg,8
image_0322.jpg,99
image_0323.jpg,61
image_0324.jpg,13
image_0325.jpg,69
image_0326.jpg,86
image_0327.jpg,48
image_0328.jpg,71
image_0329.jpg,56
image_0330.jpg,92
image_0331.jpg,8
image_0332.jpg,25
image_0333.jpg,49
image_0334.jpg,73
image_0335.jpg,95
image_0336.jpg,52
image_0337.jpg,54
image_0338.jpg,50
image_0339.jpg,35
image_0340.jpg,65
image_0341.jpg,87
image_0342.jpg,18
image_0343.jpg,93
image_0344.jpg,80
image_0345.jpg,78
image_0346.jpg,9
image_0347.jpg,42
image_0348.jpg,64
image_0349.jpg,72
image_0350.jpg,50
image_0351.jpg,74
image_0352.jpg,91
image_0353.jpg,43
image_0354.jpg,37
image_0355.jpg,74
image_0356.jpg,60
image_0357.jpg,32
image_0358.jpg,55
image_0359.jpg,55
image_0360.jpg,53
image_0361.jpg,26
image_0362.jpg,57
image_0363.jpg,9
image_0364.jpg,42
image_0365.jpg,101
image_0366.jpg,87
image_0367.jpg,3
image_0368.jpg,46
image_0369.jpg,8
image_0370.jpg,96
image_0371.jpg,90
image_0372.jpg,56
image_0373.jpg,25
image_0374.jpg,93
image_0375.jpg,17
image_0376.jpg,47
image_0377.jpg,2
image_0378.jpg,26
image_0379.jpg,44
image_0380.jpg,78
image_0381.jpg,20
image_0382.jpg,74
image_0383.jpg,47
image_0384.jpg,42
image_0385.jpg,20
image_0386.jpg,34
image_0387.jpg,52
image_0388.jpg,79
image_0389.jpg,27
image_0390.jpg,61
image_0391.jpg,13
image_0392.jpg,50
image_0393.jpg,29
image_0394.jpg,98
image_0395.jpg,25
image_0396.jpg,45
image_0397.jpg,9
image_0398.jpg,27
image_0399.jpg,13
image_0400.jpg,87
image_0401.jpg,72
image_0402.jpg,85
image_0403.jpg,82
image_0404.jpg,24
image_0405.jpg,51
image_0406.jpg,17
image_0407.jpg,93
image_0408.jpg,91
image_0409.jpg,91
image_0410.jpg,20
image_0411.jpg,41
image_0412.jpg,46
image_0413.jpg,32
image_0414.jpg,57
image_0415.jpg,58
image_0416.jpg,33
image_0417.jpg,95
image_0418.jpg,73
image_0419.jpg,61
image_0420.jpg,30
image_0421.jpg,39
image_0422.jpg,1
image_0423.jpg,18
image_0424.jpg,27
image_0425.jpg,58
image_0426.jpg,84
image_0427.jpg,86
image_0428.jpg,14
image_0429.jpg,74
image_0430.jpg,57
image_0431.jpg,55
image_0432.jpg,37
image_0433.jpg,7
image_0434.jpg,58
image_0435.jpg,38
image_0436.jpg,62
image_0437.jpg,68
image_0438.jpg,27
image_0439.jpg,31
image_0440.jpg,30
image_0441.jpg,101
image_0442.jpg,31
image_0443.jpg,15
image_0444.jpg,90
image_0445.jpg,91
image_0446.jpg,42
image_0447.jpg,12
image_0448.jpg,29
image_0449.jpg,78
image_0450.jpg,6
image_0451.jpg,61
image_0452.jpg,95
image_0453.jpg,49
image_0454.jpg,68
image_0455.jpg,57
image_0456.jpg,13
image_0457.jpg,85
image_0458.jpg,72
image_0459.jpg,65
image_0460.jpg,73
image_0461.jpg,77
image_0462.jpg,74
image_0463.jpg,28
image_0464.jpg,24
image_0465.jpg,49
image_0466.jpg,24
image_0467.jpg,101
image_0468.jpg,74
image_0469.jpg,81
image_0470.jpg,46
image_0471.jpg,84
image_0472.jpg,58
image_0473.jpg,36
image_0474.jpg,62
image_0475.jpg,68
image_0476.jpg,26
image_0477.jpg,67
image_0478.jpg,17
image_0479.jpg,50
image_0480.jpg,59
image_0481.jpg,38
image_0482.jpg,78
image_0483.jpg,61
image_0484.jpg,67
image_0485.jpg,93
image_0486.jpg,29
image_0487.jpg,67
image_0488.jpg,58
image_0489.jpg,40
image_0490.jpg,17
image_0491.jpg,24
image_0492.jpg,1
image_0493.jpg,69
image_0494.jpg,25
image_0495.jpg,74
image_0496.jpg,2
image_0497.jpg,54
image_0498.jpg,1
image_0499.jpg,10
image_0500.jpg,19
image_0501.jpg,98
image_0502.jpg,88
image_0503.jpg,10
image_0504.jpg,27
image_0505.jpg,22
image_0506.jpg,31
image_0507.jpg,96
image_0508.jpg,27
image_0509.jpg,25
image_0510.jpg,80
image_0511.jpg,22
image_0512.jpg,19
image_0513.jpg,2
image_0514.jpg,63
image_0515.jpg,63
image_0516.jpg,43
image_0517.jpg,42
image_0518.jpg,41
image_0519.jpg,48
image_0520.jpg,17
image_0521.jpg,83
image_0522.jpg,76
image_0523.jpg,73
image_0524.jpg,28
image_0525.jpg,16
image_0526.jpg,95
image_0527.jpg,98
image_0528.jpg,61
image_0529.jpg,39
image_0530.jpg,49
image_0531.jpg,62
image_0532.jpg,45
image_0533.jpg,8
image_0534.jpg,89
image_0535.jpg,33
image_0536.jpg,94
image_0537.jpg,33
image_0538.jpg,99
image_0539.jpg,19
image_0540.jpg,20
image_0541.jpg,66
image_0542.jpg,98
image_0543.jpg,4
image_0544.jpg,10
image_0545.jpg,42
image_0546.jpg,25
image_0547.jpg,98
image_0548.jpg,61
image_0549.jpg,25
image_0550.jpg,24
image_0551.jpg,67
image_0552.jpg,2
image_0553.jpg,67
image_0554.jpg,52
image_0555.jpg,91
image_0556.jpg,45
image_0557.jpg,101
image_0558.jpg,101
image_0559.jpg,52
image_0560.jpg,17
image_0561.jpg,52
image_0562.jpg,45
image_0563.jpg,32
image_0564.jpg,73
image_0565.jpg,102
image_0566.jpg,67
image_0567.jpg,69
image_0568.jpg,30
image_0569.jpg,78
image_0570.jpg,96
image_0571.jpg,27
image_0572.jpg,10
image_0573.jpg,64
image_0574.jpg,13
image_0575.jpg,51
image_0576.jpg,54
image_0577.jpg,80
image_0578.jpg,26
image_0579.jpg,21
image_0580.jpg,49
image_0581.jpg,72
image_0582.jpg,65
image_0583.jpg,65
image_0584.jpg,38
image_0585.jpg,77
image_0586.jpg,21
image_0587.jpg,30
image_0588.jpg,43
image_0589.jpg,26
image_0590.jpg,17
image_0591.jpg,5
image_0592.jpg,41
image_0593.jpg,24
image_0594.jpg,5
image_0595.jpg,96
image_0596.jpg,93
image_0597.jpg,28
image_0598.jpg,10
image_0599.jpg,35
image_0600.jpg,96
image_0601.jpg,6
image_0602.jpg,18
image_0603.jpg,98
image_0604.jpg,44
image_0605.jpg,28
image_0606.jpg,29
image_0607.jpg,54
image_0608.jpg,91
image_0609.jpg,15
image_0610.jpg,13
image_0611.jpg,55
image_0612.jpg,10
image_0613.jpg,68
image_0614.jpg,31
image_0615.jpg,102
image_0616.jpg,71
image_0617.jpg,50
image_0618.jpg,62
image_0619.jpg,37
image_0620.jpg,7
image_0621.jpg,62
image_0622.jpg,43
image_0623.jpg,42
image_0624.jpg,73
image_0625.jpg,67
image_0626.jpg,24
image_0627.jpg,46
image_0628.jpg,21
image_0629.jpg,61
image_0630.jpg,46
image_0631.jpg,17
image_0632.jpg,31
image_0633.jpg,15
image_0634.jpg,14
image_0635.jpg,26
image_0636.jpg,25
image_0637.jpg,83
image_0638.jpg,32
image_0639.jpg,48
image_0640.jpg,96
image_0641.jpg,94
image_0642.jpg,5
image_0643.jpg,32
image_0644.jpg,62
image_0645.jpg,1
image_0646.jpg,93
image_0647.jpg,40
image_0648.jpg,23
image_0649.jpg,42
image_0650.jpg,35
image_0651.jpg,27
image_0652.jpg,13
image_0653.jpg,42
image_0654.jpg,68
image_0655.jpg,31
image_0656.jpg,21
image_0657.jpg,34
image_0658.jpg,52
image_0659.jpg,94
image_0660.jpg,79
image_0661.jpg,8
image_0662.jpg,2
image_0663.jpg,39
image_0664.jpg,94
image_0665.jpg,72
image_0666.jpg,3
image_0667.jpg,6
image_0668.jpg,60
image_0669.jpg,97
image_0670.jpg,42
image_0671.jpg,47
image_0672.jpg,35
image_0673.jpg,55
image_0674.jpg,100
image_0675.jpg,33
image_0676.jpg,54
image_0677.jpg,30
image_0678.jpg,29
image_0679.jpg,85
image_0680.jpg,46
image_0681.jpg,12
image_0682.jpg,59
image_0683.jpg,18
image_0684.jpg,61
image_0685.jpg,22
image_0686.jpg,12
image_0687.jpg,23
image_0688.jpg,5
image_0689.jpg,56
image_0690.jpg,72
image_0691.jpg,61
image_0692.jpg,82
image_0693.jpg,20
image_0694.jpg,54
image_0695.jpg,46
image_0696.jpg,78
image_0697.jpg,27
image_0698.jpg,11
image_0699.jpg,45
image_0700.jpg,39
image_0701.jpg,90
image_0702.jpg,90
image_0703.jpg,82
image_0704.jpg,12
image_0705.jpg,67
image_0706.jpg,48
image_0707.jpg,35
image_0708.jpg,15
image_0709.jpg,100
image_0710.jpg,78
image_0711.jpg,102
image_0712.jpg,76
image_0713.jpg,21
image_0714.jpg,40
image_0715.jpg,50
image_0716.jpg,53
image_0717.jpg,21
image_0718.jpg,13
image_0719.jpg,24
image_0720.jpg,84
image_0721.jpg,37
image_0722.jpg,59
image_0723.jpg,17
image_0724.jpg,37
image_0725.jpg,68
image_0726.jpg,71
image_0727.jpg,88
image_0728.jpg,89
image_0729.jpg,20
image_0730.jpg,96
image_0731.jpg,93
image_0732.jpg,40
image_0733.jpg,4
image_0734.jpg,21
image_0735.jpg,1
image_0736.jpg,88
image_0737.jpg,50
image_0738.jpg,64
image_0739.jpg,29
image_0740.jpg,5
image_0741.jpg,40
image_0742.jpg,29
image_0743.jpg,10
image_0744.jpg,63
image_0745.jpg,101
image_0746.jpg,34
image_0747.jpg,35
image_0748.jpg,10
image_0749.jpg,9
image_0750.jpg,87
image_0751.jpg,58
image_0752.jpg,84
image_0753.jpg,39
image_0754.jpg,23
image_0755.jpg,60
image_0756.jpg,90
image_0757.jpg,26
image_0758.jpg,102
image_0759.jpg,93
image_0760.jpg,48
image_0761.jpg,21
image_0762.jpg,58
image_0763.jpg,29
image_0764.jpg,76
image_0765.jpg,95
image_0766.jpg,42
image_0767.jpg,16
image_0768.jpg,11
image_0769.jpg,41
image_0770.jpg,20
image_0771.jpg,50
image_0772.jpg,49
image_0773.jpg,36
image_0774.jpg,91
image_0775.jpg,88
image_0776.jpg,28
image_0777.jpg,14
image_0778.jpg,58
image_0779.jpg,75
image_0780.jpg,41
image_0781.jpg,87
image_0782.jpg,77
image_0783.jpg,88
image_0784.jpg,30
image_0785.jpg,10
image_0786.jpg,23
image_0787.jpg,5
image_0788.jpg,82
image_0789.jpg,9
image_0790.jpg,5
image_0791.jpg,98
image_0792.jpg,17
image_0793.jpg,102
image_0794.jpg,83
image_0795.jpg,42
image_0796.jpg,23
image_0797.jpg,56
image_0798.jpg,94
image_0799.jpg,95
image_0800.jpg,50
image_0801.jpg,91
image_0802.jpg,72
image_0803.jpg,33
image_0804.jpg,67
image_0805.jpg,31
image_0806.jpg,13
image_0807.jpg,25
image_0808.jpg,88
image_0809.jpg,79
image_0810.jpg,46
image_0811.jpg,38
image_0812.jpg,27
image_0813.jpg,43
image_0814.jpg,8
image_0815.jpg,57
image_0816.jpg,10
image_0817.jpg,38
image_0818.jpg,47
image_0819.jpg,74
image_0820.jpg,24
image_0821.jpg,6
image_0822.jpg,6
image_0823.jpg,29
image_0824.jpg,9
image_0825.jpg,94
image_0826.jpg,25
image_0827.jpg,89
image_0828.jpg,25
image_0829.jpg,2
image_0830.jpg,82
image_0831.jpg,82
image_0832.jpg,95
image_0833.jpg,38
image_0834.jpg,8
image_0835.jpg,83
image_0836.jpg,67
image_0837.jpg,9
image_0838.jpg,13
image_0839.jpg,92
image_0840.jpg,69
image_0841.jpg,68
image_0842.jpg,68
image_0843.jpg,81
image_0844.jpg,14
image_0845.jpg,29
image_0846.jpg,62
image_0847.jpg,18
image_0848.jpg,27
image_0849.jpg,51
image_0850.jpg,62
image_0851.jpg,51
image_0852.jpg,91
image_0853.jpg,77
image_0854.jpg,96
image_0855.jpg,69
image_0856.jpg,87
image_0857.jpg,30
image_0858.jpg,38
image_0859.jpg,42
image_0860.jpg,7
image_0861.jpg,23
image_0862.jpg,88
image_0863.jpg,60
image_0864.jpg,99
image_0865.jpg,16
image_0866.jpg,40
image_0867.jpg,54
image_0868.jpg,10
image_0869.jpg,78
image_0870.jpg,21
image_0871.jpg,37
image_0872.jpg,91
image_0873.jpg,32
image_0874.jpg,86
image_0875.jpg,17
image_0876.jpg,28
image_0877.jpg,35
image_0878.jpg,3
image_0879.jpg,89
image_0880.jpg,17
image_0881.jpg,33
image_0882.jpg,64
image_0883.jpg,4
image_0884.jpg,37
image_0885.jpg,50
image_0886.jpg,45
image_0887.jpg,10
image_0888.jpg,43
image_0889.jpg,27
image_0890.jpg,50
image_0891.jpg,10
image_0892.jpg,40
image_0893.jpg,68
image_0894.jpg,77
image_0895.jpg,73
image_0896.jpg,50
image_0897.jpg,62
image_0898.jpg,38
image_0899.jpg,21
image_0900.jpg,63
image_0901.jpg,21
image_0902.jpg,55
image_0903.jpg,17
image_0904.jpg,12
image_0905.jpg,83
image_0906.jpg,38
image_0907.jpg,28
image_0908.jpg,9
image_0909.jpg,1
image_0910.jpg,60
image_0911.jpg,49
image_0912.jpg,33
image_0913.jpg,101
image_0914.jpg,88
image_0915.jpg,42
image_0916.jpg,31
image_0917.jpg,77
image_0918.jpg,11
image_0919.jpg,10
image_0920.jpg,30
image_0921.jpg,32
image_0922.jpg,25
image_0923.jpg,101
image_0924.jpg,41
image_0925.jpg,76
image_0926.jpg,82
image_0927.jpg,11
image_0928.jpg,64
image_0929.jpg,29
image_0930.jpg,20
image_0931.jpg,6
image_0932.jpg,43
image_0933.jpg,1
image_0934.jpg,72
image_0935.jpg,94
image_0936.jpg,33
image_0937.jpg,47
image_0938.jpg,77
image_0939.jpg,4
image_0940.jpg,67
image_0941.jpg,101
image_0942.jpg,41
image_0943.jpg,59
image_0944.jpg,22
image_0945.jpg,36
image_0946.jpg,45
image_0947.jpg,66
image_0948.jpg,30
image_0949.jpg,6
image_0950.jpg,40
image_0951.jpg,56
image_0952.jpg,57
image_0953.jpg,8
image_0954.jpg,38
image_0955.jpg,5
image_0956.jpg,83
image_0957.jpg,95
image_0958.jpg,51
image_0959.jpg,28
image_0960.jpg,63
image_0961.jpg,52
image_0962.jpg,37
image_0963.jpg,38
image_0964.jpg,16
image_0965.jpg,48
image_0966.jpg,60
image_0967.jpg,71
image_0968.jpg,89
image_0969.jpg,46
image_0970.jpg,15
image_0971.jpg,28
image_0972.jpg,21
image_0973.jpg,98
image_0974.jpg,99
image_0975.jpg,1
image_0976.jpg,59
image_0977.jpg,9
image_0978.jpg,10
image_0979.jpg,41
image_0980.jpg,91
image_0981.jpg,83
image_0982.jpg,35
image_0983.jpg,29
image_0984.jpg,68
image_0985.jpg,72
image_0986.jpg,7
image_0987.jpg,98
image_0988.jpg,96
image_0989.jpg,23
image_0990.jpg,23
image_0991.jpg,45
image_0992.jpg,45
image_0993.jpg,8
image_0994.jpg,47
image_0995.jpg,67
image_0996.jpg,99
image_0997.jpg,51
image_0998.jpg,91
image_0999.jpg,18
image_1000.jpg,56
image_1001.jpg,92
image_1002.jpg,61
image_1003.jpg,45
image_1004.jpg,41
image_1005.jpg,33
image_1006.jpg,23
image_1007.jpg,5
image_1008.jpg,48
image_1009.jpg,96
image_1010.jpg,56
image_1011.jpg,68
image_1012.jpg,52
image_1013.jpg,11
image_1014.jpg,21
image_1015.jpg,10
image_1016.jpg,41
image_1017.jpg,14
image_1018.jpg,44
image_1019.jpg,85
image_1020.jpg,97
image_1021.jpg,82
image_1022.jpg,86
image_1023.jpg,43
image_1024.jpg,50
image_1025.jpg,27
image_1026.jpg,22
image_1027.jpg,95
image_1028.jpg,11
image_1029.jpg,77
image_1030.jpg,91
image_1031.jpg,93
image_1032.jpg,10
image_1033.jpg,72
image_1034.jpg,54
image_1035.jpg,78
image_1036.jpg,68
image_1037.jpg,68
image_1038.jpg,68
image_1039.jpg,8
image_1040.jpg,9
image_1041.jpg,71
image_1042.jpg,94
image_1043.jpg,52
image_1044.jpg,82
image_1045.jpg,36
image_1046.jpg,28
image_1047.jpg,2
image_1048.jpg,72
image_1049.jpg,22
image_1050.jpg,102
image_1051.jpg,102
image_1052.jpg,67
image_1053.jpg,81
image_1054.jpg,72
image_1055.jpg,3
image_1056.jpg,59
image_1057.jpg,20
image_1058.jpg,25
image_1059.jpg,15
image_1060.jpg,92
image_1061.jpg,31
image_1062.jpg,38
image_1063.jpg,51
image_1064.jpg,60
image_1065.jpg,87
image_1066.jpg,78
image_1067.jpg,11
image_1068.jpg,43
image_1069.jpg,97
image_1070.jpg,21
image_1071.jpg,77
image_1072.jpg,95
image_1073.jpg,68
image_1074.jpg,13
image_1075.jpg,2
image_1076.jpg,92
image_1077.jpg,41
image_1078.jpg,12
image_1079.jpg,24
image_1080.jpg,22
image_1081.jpg,16
image_1082.jpg,7
image_1083.jpg,41
image_1084.jpg,6
image_1085.jpg,45
image_1086.jpg,11
image_1087.jpg,101
image_1088.jpg,69
image_1089.jpg,100
image_1090.jpg,70
image_1091.jpg,25
image_1092.jpg,5
image_1093.jpg,40
image_1094.jpg,73
image_1095.jpg,25
image_1096.jpg,52
image_1097.jpg,32
image_1098.jpg,38
image_1099.jpg,11
image_1100.jpg,73
image_1101.jpg,81
image_1102.jpg,15
image_1103.jpg,21
image_1104.jpg,33
image_1105.jpg,99
image_1106.jpg,29
image_1107.jpg,8
image_1108.jpg,20
image_1109.jpg,11
image_1110.jpg,45
image_1111.jpg,94
image_1112.jpg,51
image_1113.jpg,100
image_1114.jpg,11
image_1115.jpg,94
image_1116.jpg,102
image_1117.jpg,14
image_1118.jpg,76
image_1119.jpg,15
image_1120.jpg,30
image_1121.jpg,35
image_1122.jpg,50
image_1123.jpg,50
image_1124.jpg,58
image_1125.jpg,98
image_1126.jpg,24
image_1127.jpg,8
image_1128.jpg,49
image_1129.jpg,38
image_1130.jpg,73
image_1131.jpg,92
image_1132.jpg,99
image_1133.jpg,46
image_1134.jpg,78
image_1135.jpg,76
image_1136.jpg,9
image_1137.jpg,45
image_1138.jpg,61
image_1139.jpg,15
image_1140.jpg,48
image_1141.jpg,29
image_1142.jpg,99
image_1143.jpg,102
image_1144.jpg,5
image_1145.jpg,73
image_1146.jpg,20
image_1147.jpg,43
image_1148.jpg,63
image_1149.jpg,82
image_1150.jpg,74
image_1151.jpg,6
image_1152.jpg,35
image_1153.jpg,21
image_1154.jpg,83
image_1155.jpg,60
image_1156.jpg,3
image_1157.jpg,61
image_1158.jpg,46
image_1159.jpg,63
image_1160.jpg,82
image_1161.jpg,7
image_1162.jpg,15
image_1163.jpg,67
image_1164.jpg,100
image_1165.jpg,82
image_1166.jpg,102
image_1167.jpg,4
image_1168.jpg,91
image_1169.jpg,22
image_1170.jpg,41
image_1171.jpg,67
image_1172.jpg,21
image_1173.jpg,52
image_1174.jpg,66
image_1175.jpg,7
image_1176.jpg,45
image_1177.jpg,64
image_1178.jpg,99
image_1179.jpg,7
image_1180.jpg,43
image_1181.jpg,13
image_1182.jpg,21
image_1183.jpg,9
image_1184.jpg,88
image_1185.jpg,94
image_1186.jpg,15
image_1187.jpg,101
image_1188.jpg,102
image_1189.jpg,28
image_1190.jpg,70
image_1191.jpg,51
image_1192.jpg,98
image_1193.jpg,89
image_1194.jpg,82
image_1195.jpg,85
image_1196.jpg,62
image_1197.jpg,7
image_1198.jpg,17
image_1199.jpg,45
image_1200.jpg,67
image_1201.jpg,51
image_1202.jpg,82
image_1203.jpg,17
image_1204.jpg,96
image_1205.jpg,100
image_1206.jpg,41
image_1207.jpg,42
image_1208.jpg,33
image_1209.jpg,21
image_1210.jpg,33
image_1211.jpg,70
image_1212.jpg,28
image_1213.jpg,14
image_1214.jpg,64
image_1215.jpg,70
image_1216.jpg,98
image_1217.jpg,51
image_1218.jpg,35
image_1219.jpg,20
image_1220.jpg,5
image_1221.jpg,97
image_1222.jpg,19
image_1223.jpg,51
image_1224.jpg,74
image_1225.jpg,32
image_1226.jpg,64
image_1227.jpg,1
image_1228.jpg,12
image_1229.jpg,30
image_1230.jpg,45
image_1231.jpg,46
image_1232.jpg,83
image_1233.jpg,44
image_1234.jpg,39
image_1235.jpg,23
image_1236.jpg,93
image_1237.jpg,10
image_1238.jpg,33
image_1239.jpg,40
image_1240.jpg,43
image_1241.jpg,98
image_1242.jpg,54
image_1243.jpg,52
image_1244.jpg,49
image_1245.jpg,92
image_1246.jpg,14
image_1247.jpg,69
image_1248.jpg,101
image_1249.jpg,19
image_1250.jpg,51
image_1251.jpg,27
image_1252.jpg,45
image_1253.jpg,92
image_1254.jpg,68
image_1255.jpg,17
image_1256.jpg,21
image_1257.jpg,10
image_1258.jpg,17
image_1259.jpg,27
image_1260.jpg,97
image_1261.jpg,59
image_1262.jpg,52
image_1263.jpg,22
image_1264.jpg,71
image_1265.jpg,44
image_1266.jpg,1
image_1267.jpg,90
image_1268.jpg,49
image_1269.jpg,38
image_1270.jpg,48
image_1271.jpg,3
image_1272.jpg,43
image_1273.jpg,30
image_1274.jpg,6
image_1275.jpg,21
image_1276.jpg,46
image_1277.jpg,8
image_1278.jpg,86
image_1279.jpg,8
image_1280.jpg,2
image_1281.jpg,45
image_1282.jpg,31
image_1283.jpg,101
image_1284.jpg,37
image_1285.jpg,47
image_1286.jpg,23
image_1287.jpg,74
image_1288.jpg,78
image_1289.jpg,87
image_1290.jpg,27
image_1291.jpg,47
image_1292.jpg,99
image_1293.jpg,73
image_1294.jpg,54
image_1295.jpg,45
image_1296.jpg,40
image_1297.jpg,23
image_1298.jpg,94
image_1299.jpg,95
image_1300.jpg,101
image_1301.jpg,85
image_1302.jpg,6
image_1303.jpg,12
image_1304.jpg,41
image_1305.jpg,80
image_1306.jpg,101
image_1307.jpg,82
image_1308.jpg,46
image_1309.jpg,25
image_1310.jpg,33
image_1311.jpg,68
image_1312.jpg,59
image_1313.jpg,33
image_1314.jpg,52
image_1315.jpg,74
image_1316.jpg,57
image_1317.jpg,10
image_1318.jpg,49
image_1319.jpg,82
image_1320.jpg,14
image_1321.jpg,22
image_1322.jpg,85
image_1323.jpg,13
image_1324.jpg,83
image_1325.jpg,52
image_1326.jpg,20
image_1327.jpg,52
image_1328.jpg,11
image_1329.jpg,95
image_1330.jpg,61
image_1331.jpg,24
image_1332.jpg,76
image_1333.jpg,42
image_1334.jpg,11
image_1335.jpg,68
image_1336.jpg,71
image_1337.jpg,55
image_1338.jpg,100
image_1339.jpg,73
image_1340.jpg,40
image_1341.jpg,88
image_1342.jpg,50
image_1343.jpg,72
image_1344.jpg,35
image_1345.jpg,83
image_1346.jpg,77
image_1347.jpg,49
image_1348.jpg,24
image_1349.jpg,62
image_1350.jpg,57
image_1351.jpg,83
image_1352.jpg,82
image_1353.jpg,21
image_1354.jpg,90
image_1355.jpg,73
image_1356.jpg,40
image_1357.jpg,21
image_1358.jpg,17
image_1359.jpg,4
image_1360.jpg,9
image_1361.jpg,9
image_1362.jpg,78
image_1363.jpg,97
image_1364.jpg,100
image_1365.jpg,7
image_1366.jpg,27
image_1367.jpg,22
image_1368.jpg,75
image_1369.jpg,20
image_1370.jpg,4
image_1371.jpg,98
image_1372.jpg,47
image_1373.jpg,62
image_1374.jpg,73
image_1375.jpg,16
image_1376.jpg,95
image_1377.jpg,32
image_1378.jpg,97
image_1379.jpg,12
image_1380.jpg,74
image_1381.jpg,15
image_1382.jpg,88
image_1383.jpg,37
image_1384.jpg,68
image_1385.jpg,85
image_1386.jpg,85
image_1387.jpg,77
image_1388.jpg,63
image_1389.jpg,82
image_1390.jpg,63
image_1391.jpg,89
image_1392.jpg,37
image_1393.jpg,68
image_1394.jpg,35
image_1395.jpg,46
image_1396.jpg,29
image_1397.jpg,82
image_1398.jpg,28
image_1399.jpg,68
image_1400.jpg,51
image_1401.jpg,78
image_1402.jpg,102
image_1403.jpg,21
image_1404.jpg,72
image_1405.jpg,33
image_1406.jpg,60
image_1407.jpg,3
image_1408.jpg,46
image_1409.jpg,55
image_1410.jpg,7
image_1411.jpg,95
image_1412.jpg,5
image_1413.jpg,1
image_1414.jpg,10
image_1415.jpg,66
image_1416.jpg,70
image_1417.jpg,62
image_1418.jpg,63
image_1419.jpg,18
image_1420.jpg,11
image_1421.jpg,78
image_1422.jpg,25
image_1423.jpg,14
image_1424.jpg,43
image_1425.jpg,36
image_1426.jpg,62
image_1427.jpg,71
image_1428.jpg,21
image_1429.jpg,10
image_1430.jpg,23
image_1431.jpg,2
image_1432.jpg,67
image_1433.jpg,99
image_1434.jpg,11
image_1435.jpg,23
image_1436.jpg,8
image_1437.jpg,30
image_1438.jpg,21
image_1439.jpg,52
image_1440.jpg,58
image_1441.jpg,102
image_1442.jpg,31
image_1443.jpg,94
image_1444.jpg,98
image_1445.jpg,34
image_1446.jpg,23
image_1447.jpg,8
image_1448.jpg,26
image_1449.jpg,8
image_1450.jpg,66
image_1451.jpg,7
image_1452.jpg,1
image_1453.jpg,44
image_1454.jpg,13
image_1455.jpg,14
image_1456.jpg,13
image_1457.jpg,52
image_1458.jpg,32
image_1459.jpg,30
image_1460.jpg,70
image_1461.jpg,28
image_1462.jpg,30
image_1463.jpg,13
image_1464.jpg,63
image_1465.jpg,17
image_1466.jpg,82
image_1467.jpg,56
image_1468.jpg,38
image_1469.jpg,27
image_1470.jpg,52
image_1471.jpg,15
image_1472.jpg,10
image_1473.jpg,89
image_1474.jpg,19
image_1475.jpg,78
image_1476.jpg,57
image_1477.jpg,10
image_1478.jpg,4
image_1479.jpg,9
image_1480.jpg,100
image_1481.jpg,6
image_1482.jpg,20
image_1483.jpg,95
image_1484.jpg,97
image_1485.jpg,57
image_1486.jpg,17
image_1487.jpg,21
image_1488.jpg,32
image_1489.jpg,88
image_1490.jpg,58
image_1491.jpg,95
image_1492.jpg,38
image_1493.jpg,40
image_1494.jpg,67
image_1495.jpg,74
image_1496.jpg,62
image_1497.jpg,95
image_1498.jpg,38
image_1499.jpg,50
image_1500.jpg,5
image_1501.jpg,75
image_1502.jpg,64
image_1503.jpg,6
image_1504.jpg,19
image_1505.jpg,75
image_1506.jpg,89
image_1507.jpg,36
image_1508.jpg,59
image_1509.jpg,83
image_1510.jpg,67
image_1511.jpg,7
image_1512.jpg,19
image_1513.jpg,6
image_1514.jpg,21
image_1515.jpg,102
image_1516.jpg,21
image_1517.jpg,4
image_1518.jpg,80
image_1519.jpg,27
image_1520.jpg,33
image_1521.jpg,41
image_1522.jpg,78
image_1523.jpg,81
image_1524.jpg,91
image_1525.jpg,61
image_1526.jpg,10
image_1527.jpg,54
image_1528.jpg,101
image_1529.jpg,60
image_1530.jpg,42
image_1531.jpg,62
image_1532.jpg,19
image_1533.jpg,44
image_1534.jpg,61
image_1535.jpg,6
image_1536.jpg,68
image_1537.jpg,63
image_1538.jpg,101
image_1539.jpg,59
image_1540.jpg,25
image_1541.jpg,50
image_1542.jpg,4
image_1543.jpg,50
image_1544.jpg,29
image_1545.jpg,59
image_1546.jpg,60
image_1547.jpg,2
image_1548.jpg,28
image_1549.jpg,72
image_1550.jpg,61
image_1551.jpg,97
image_1552.jpg,55
image_1553.jpg,54
image_1554.jpg,63
image_1555.jpg,69
image_1556.jpg,46
image_1557.jpg,39
image_1558.jpg,42
image_1559.jpg,46
image_1560.jpg,100
image_1561.jpg,14
image_1562.jpg,95
image_1563.jpg,18
image_1564.jpg,26
image_1565.jpg,82
image_1566.jpg,50
image_1567.jpg,41
image_1568.jpg,61
image_1569.jpg,90
image_1570.jpg,38
image_1571.jpg,3
image_1572.jpg,69
image_1573.jpg,98
image_1574.jpg,18
image_1575.jpg,14
image_1576.jpg,63
image_1577.jpg,13
image_1578.jpg,48
image_1579.jpg,2
image_1580.jpg,25
image_1581.jpg,70
image_1582.jpg,92
image_1583.jpg,24
image_1584.jpg,79
image_1585.jpg,44
image_1586.jpg,10
image_1587.jpg,19
image_1588.jpg,48
image_1589.jpg,10
image_1590.jpg,27
image_1591.jpg,31
image_1592.jpg,73
image_1593.jpg,9
image_1594.jpg,92
image_1595.jpg,62
image_1596.jpg,32
image_1597.jpg,57
image_1598.jpg,13
image_1599.jpg,48
image_1600.jpg,11
image_1601.jpg,48
image_1602.jpg,51
image_1603.jpg,35
image_1604.jpg,33
image_1605.jpg,25
image_1606.jpg,64
image_1607.jpg,14
image_1608.jpg,25
image_1609.jpg,55
image_1610.jpg,46
image_1611.jpg,51
image_1612.jpg,39
image_1613.jpg,49
image_1614.jpg,70
image_1615.jpg,14
image_1616.jpg,12
image_1617.jpg,7
image_1618.jpg,67
image_1619.jpg,14
image_1620.jpg,25
image_1621.jpg,5
image_1622.jpg,61
image_1623.jpg,35
image_1624.jpg,80
image_1625.jpg,25
image_1626.jpg,5
image_1627.jpg,83
image_1628.jpg,73
image_1629.jpg,47
image_1630.jpg,25
image_1631.jpg,11
image_1632.jpg,38
image_1633.jpg,42
image_1634.jpg,60
image_1635.jpg,32
image_1636.jpg,40
image_1637.jpg,100
image_1638.jpg,82
image_1639.jpg,76
image_1640.jpg,8
image_1641.jpg,70
image_1642.jpg,97
image_1643.jpg,2
image_1644.jpg,99
image_1645.jpg,84
image_1646.jpg,72
image_1647.jpg,30
image_1648.jpg,48
image_1649.jpg,42
image_1650.jpg,54
image_1651.jpg,54
image_1652.jpg,52
image_1653.jpg,28
image_1654.jpg,21
image_1655.jpg,73
image_1656.jpg,84
image_1657.jpg,40
image_1658.jpg,38
image_1659.jpg,38
image_1660.jpg,62
image_1661.jpg,76
image_1662.jpg,47
image_1663.jpg,49
image_1664.jpg,10
image_1665.jpg,43
image_1666.jpg,87
image_1667.jpg,83
image_1668.jpg,44
image_1669.jpg,54
image_1670.jpg,40
image_1671.jpg,56
image_1672.jpg,23
image_1673.jpg,22
image_1674.jpg,6
image_1675.jpg,49
image_1676.jpg,83
image_1677.jpg,96
image_1678.jpg,56
image_1679.jpg,45
image_1680.jpg,10
image_1681.jpg,68
image_1682.jpg,72
image_1683.jpg,68
image_1684.jpg,61
image_1685.jpg,96
image_1686.jpg,61
image_1687.jpg,39
image_1688.jpg,62
image_1689.jpg,50
image_1690.jpg,77
image_1691.jpg,38
image_1692.jpg,35
